UC1:-Ability to create a payroll_service DB

mysql> CREATE DATABASE Payroll_Service ;
Query OK, 1 row affected (1.84 sec)

mysql> use Payroll_Service;
Database changed
mysql> select DATABASE();
+-----------------+
| DATABASE()      |
+-----------------+
| payroll_service |
+-----------------+
1 row in set (0.00 sec)

UC2:-

mysql> CREATE TABLE Employee_Payroll (
    -> id INT unsigned NOT NULL AUTO_INCREMENT,
    -> name varchar(60) NOT NULL,
    -> salary DOUBLE NOT NULL,
    -> start DATE NOT NULL,
    -> PRIMARY KEY(id));
Query OK, 0 rows affected (3.37 sec)

mysql> SHOW TABLES;
+---------------------------+
| Tables_in_payroll_service |
+---------------------------+
| employee_payroll          |
+---------------------------+
1 row in set (1.16 sec)

UC3:-

mysql> INSERT INTO Employee_Payroll(name,salary,start) values
    -> ('Gill',39000.00,'2020-10-23'),
    -> ('Rian',67000.00,'2010-03-21'),
    -> ('Rebin',89000.00,'2020-05-20');
Query OK, 3 rows affected (0.78 sec)
Records: 3  Duplicates: 0  Warnings: 0

UC4:-

mysql> SELECT * from Employee_Payroll;
+----+-------+--------+------------+
| id | name  | salary | start      |
+----+-------+--------+------------+
|  1 | Gill  |  39000 | 2020-10-23 |
|  2 | Rian  |  67000 | 2010-03-21 |
|  3 | Rebin |  89000 | 2020-05-20 |
+----+-------+--------+------------+
3 rows in set (0.05 sec)

UC5:-

mysql> SELECT salary FROM Employee_Payroll WHERE name ='Gill';
+--------+
| salary |
+--------+
|  39000 |
+--------+
1 row in set (0.05 sec)

mysql> SELECT * FROM Employee_Payroll WHERE start BETWEEN CAST('2017-11-26'AS DATE) AND DATE (now());
+----+-------+--------+------------+
| id | name  | salary | start      |
+----+-------+--------+------------+
|  1 | Gill  |  39000 | 2020-10-23 |
|  3 | Rebin |  89000 | 2020-05-20 |
+----+-------+--------+------------+
2 rows in set (0.07 sec)

UC6:-

mysql> ALTER TABLE Employee_Payroll ADD gender CHAR(1) AFTER name ;
Query OK, 0 rows affected (3.90 sec)
Records: 0  Duplicates: 0  Warnings: 0

mysql> UPDATE Employee_Payroll SET gender ='M' WHERE name='Gill' or name ='Rian';
Query OK, 2 rows affected (0.11 sec)
Rows matched: 2  Changed: 2  Warnings: 0

mysql> UPDATE Employee_Payroll SET gender = 'F' WHERE name= 'Rebin';
Query OK, 1 row affected (0.12 sec)
Rows matched: 1  Changed: 1  Warnings: 0

mysql> UPDATE Employee_Payroll SET salary =89000.00 WHERE name ='Rebin';
Query OK, 0 rows affected (0.00 sec)
Rows matched: 1  Changed: 0  Warnings: 0

mysql> SELECT * FROM Employee_Payroll;
+----+-------+--------+--------+------------+
| id | name  | gender | salary | start      |
+----+-------+--------+--------+------------+
|  1 | Gill  | M      |  39000 | 2020-10-23 |
|  2 | Rian  | M      |  67000 | 2010-03-21 |
|  3 | Rebin | F      |  89000 | 2020-05-20 |
+----+-------+--------+--------+------------+
3 rows in set (0.00 sec)

UC7:-

mysql> SELECT AVG(salary) FROM Employee_Payroll WHERE gender='M' GROUP BY gender;
+-------------+
| AVG(salary) |
+-------------+
|       53000 |
+-------------+
1 row in set (0.04 sec)

mysql> SELECT gender, AVG(salary) FROM Employee_Payroll GROUP BY gender;
+--------+-------------+
| gender | AVG(salary) |
+--------+-------------+
| M      |       53000 |
| F      |       89000 |
+--------+-------------+
2 rows in set (0.07 sec)

mysql> SELECT gender,COUNT(name) FROM Employee_Payroll GROUP BY gender;
+--------+-------------+
| gender | COUNT(name) |
+--------+-------------+
| M      |           2 |
| F      |           1 |
+--------+-------------+
2 rows in set (0.01 sec)

mysql> SELECT gender,SUM(salary) FROM Employee_Payroll GROUP BY gender;
+--------+-------------+
| gender | SUM(salary) |
+--------+-------------+
| M      |      106000 |
| F      |       89000 |
+--------+-------------+
2 rows in set (0.00 sec)

mysql> SELECT gender,MIN(salary) FROM Employee_Payroll GROUP BY gender;
+--------+-------------+
| gender | MIN(salary) |
+--------+-------------+
| M      |       39000 |
| F      |       89000 |
+--------+-------------+
2 rows in set (0.05 sec)

mysql> SELECT gender,MAX(salary) FROM Employee_Payroll GROUP BY gender;
+--------+-------------+
| gender | MAX(salary) |
+--------+-------------+
| M      |       67000 |
| F      |       89000 |
+--------+-------------+
2 rows in set (0.00 sec)

UC8:-

mysql> ALTER TABLE Employee_Payroll ADD phonenumber BIGINT AFTER name;
Query OK, 0 rows affected (2.34 sec)
Records: 0  Duplicates: 0  Warnings: 0

mysql> ALTER TABLE Employee_Payroll ADD address VARCHAR(100) AFTER phonenumber;
Query OK, 0 rows affected (1.85 sec)
Records: 0  Duplicates: 0  Warnings: 0

mysql> ALTER TABLE Employee_Payroll ADD department VARCHAR(100) NOT NULL AFTER address;
Query OK, 0 rows affected (2.60 sec)
Records: 0  Duplicates: 0  Warnings: 0

mysql> ALTER TABLE Employee_Payroll ALTER address SET DEFAULT 'TBD';
Query OK, 0 rows affected (0.22 sec)
Records: 0  Duplicates: 0  Warnings: 0

mysql> SELECT * FROM Employee_Payroll;
+----+-------+-------------+---------+------------+--------+--------+------------+
| id | name  | phonenumber | address | department | gender | salary | start      |
+----+-------+-------------+---------+------------+--------+--------+------------+
|  1 | Gill  |        NULL | NULL    |            | M      |  39000 | 2020-10-23 |
|  2 | Rian  |        NULL | NULL    |            | M      |  67000 | 2010-03-21 |
|  3 | Rebin |        NULL | NULL    |            | F      |  89000 | 2020-05-20 |
+----+-------+-------------+---------+------------+--------+--------+------------+
3 rows in set (0.00 sec)

UC9:-

mysql> ALTER TABLE Employee_Payroll RENAME COLUMN salary To Basic_pay;
Query OK, 0 rows affected (0.20 sec)
Records: 0  Duplicates: 0  Warnings: 0

mysql> ALTER TABLE Employee_Payroll ADD deductions double NOT NULL AFTER Basic_pay;
Query OK, 0 rows affected (2.26 sec)
Records: 0  Duplicates: 0  Warnings: 0

mysql> ALTER TABLE Employee_Payroll ADD taxable_pay double NOT NULL AFTER deductions;
Query OK, 0 rows affected (2.40 sec)
Records: 0  Duplicates: 0  Warnings: 0

mysql> ALTER TABLE Employee_PAyroll ADD tax double NOT NULL AFTER taxable_pay;
Query OK, 0 rows affected (1.52 sec)
Records: 0  Duplicates: 0  Warnings: 0

mysql> ALTER TABLE Employee_Payroll ADD net_pay double NOT NULL AFTER tax;
Query OK, 0 rows affected (2.30 sec)
Records: 0  Duplicates: 0  Warnings: 0

mysql> SELECT *FROM Employee_Payroll;
+----+-------+-------------+---------+------------+--------+-----------+------------+-------------+-----+---------+------------+
| id | name  | phonenumber | address | department | gender | Basic_pay | deductions | taxable_pay | tax | net_pay | start      |
+----+-------+-------------+---------+------------+--------+-----------+------------+-------------+-----+---------+------------+
|  1 | Gill  |        NULL | NULL    |            | M      |     39000 |          0 |           0 |   0 |       0 | 2020-10-23 |
|  2 | Rian  |        NULL | NULL    |            | M      |     67000 |          0 |           0 |   0 |       0 | 2010-03-21 |
|  3 | Rebin |        NULL | NULL    |            | F      |     89000 |          0 |           0 |   0 |       0 | 2020-05-20 |
+----+-------+-------------+---------+------------+--------+-----------+------------+-------------+-----+---------+------------+
3 rows in set (0.00 sec)

UC10:-

mysql> UPDATE Employee_Payroll SET department= 'sales' WHERE name='Rebin';
Query OK, 1 row affected (0.04 sec)
Rows matched: 1  Changed: 1  Warnings: 0

mysql> INSERT INTO Employee_Payroll (name,department,gender,Basic_pay,deductions,taxable_pay,tax,net_pay,start) values
    -> ('Rebin','Marketing','F',80000.00,55000.00,45000.00,25000.00,60000.00,'2020-11-20');
Query OK, 1 row affected (0.17 sec)

mysql> SELECT * FROM Employee_Payroll WHERE name='Rebin';
+----+-------+-------------+---------+------------+--------+-----------+------------+-------------+-------+---------+------------+
| id | name  | phonenumber | address | department | gender | Basic_pay | deductions | taxable_pay | tax   | net_pay | start      |
+----+-------+-------------+---------+------------+--------+-----------+------------+-------------+-------+---------+------------+
|  3 | Rebin |        NULL | NULL    | sales      | F      |     89000 |          0 |           0 |     0 |       0 | 2020-05-20 |
|  4 | Rebin |        NULL | TBD     | Marketing  | F      |     80000 |      55000 |       45000 | 25000 |   60000 | 2020-11-20 |
+----+-------+-------------+---------+------------+--------+-----------+------------+-------------+-------+---------+------------+
2 rows in set (0.00 sec)

UC11:-

mysql> CREATE TABLE Employee(
    -> id INT unsigned NOT NULL AUTO_INCREMENT PRIMARY KEY,
    ->  company_id INT REFERENCES company(company_id),
    -> employee_name VARCHAR(70) NOT NULL,
    -> phone_number BIGINT NOT NULL,
    -> address VARCHAR(100) NOT NULL DEFAULT 'TBD',
    -> gender CHAR(1) NOT NULL
    -> );
Query OK, 0 rows affected (1.63 sec)

mysql> CREATE TABLE Payroll (
    -> emp_id INT REFERENCES employee(id),
    -> Basic_pay DOUBLE NOT NULL,
    -> deductions DOUBLE NOT NULL,
    -> taxable_pay DOUBLE NOT NULL,
    -> tax DOUBLE NOT NULL,
    ->  net_pay DOUBLE NOT NULL );
Query OK, 0 rows affected (0.55 sec)

mysql> CREATE TABLE company (
    -> company_id INT PRIMARY KEY,
    -> company_name VARCHAR(100) NOT NULL);
Query OK, 0 rows affected (2.14 sec)

mysql> CREATE TABLE department (
    -> department_id INT PRIMARY KEY,
    -> department_name VARCHAR(100) NOT NULL );
Query OK, 0 rows affected (1.18 sec)

mysql> CREATE TABLE Employee_department (
    ->  emp_id INT REFERENCES employee(id),
    -> department_id INT REFERENCES department(department_id));
Query OK, 0 rows affected (1.19 sec)

mysql> INSERT INTO company values
    -> (1,'wipro'),
    -> (2,'brillio'),
    -> (3,'tcs');
Query OK, 3 rows affected (0.28 sec)
Records: 3  Duplicates: 0  Warnings: 0

mysql> select * from company;
+------------+--------------+
| company_id | company_name |
+------------+--------------+
|          1 | wipro        |
|          2 | brillio      |
|          3 | tcs          |
+------------+--------------+
3 rows in set (0.00 sec)

mysql> INSERT INTO Employee VALUES
    -> (101, 1, 'Gill', '9432781255', 'India','M'),
    -> (102, 2, 'Rian', '8956328912', ' Africa','M'),
    -> (103, 3, 'Rebin', '9123129021', 'NYC','F');
Query OK, 3 rows affected (0.28 sec)
Records: 3  Duplicates: 0  Warnings: 0

mysql> select * from Employee;
+-----+------------+---------------+--------------+---------+--------+
| id  | company_id | employee_name | phone_number | address | gender |
+-----+------------+---------------+--------------+---------+--------+
| 101 |          1 | Gill          |   9432781255 | India   | M      |
| 102 |          2 | Rian          |   8956328912 |  Africa | M      |
| 103 |          3 | Rebin         |   9123129021 | NYC     | F      |
+-----+------------+---------------+--------------+---------+--------+
3 rows in set (0.00 sec)

mysql> INSERT INTO Payroll values
    -> (101,300000,10000,40000,8000,55000),
    -> (102,400000,150000,30000,85000,65000),
    ->  (103,10000,9000,32000,38000,900000);
Query OK, 3 rows affected (0.28 sec)
Records: 3  Duplicates: 0  Warnings: 0

mysql> SELECT * FROM Payroll;
+--------+-----------+------------+-------------+-------+---------+
| emp_id | Basic_pay | deductions | taxable_pay | tax   | net_pay |
+--------+-----------+------------+-------------+-------+---------+
|    101 |    300000 |      10000 |       40000 |  8000 |   55000 |
|    102 |    400000 |     150000 |       30000 | 85000 |   65000 |
|    103 |     10000 |       9000 |       32000 | 38000 |  900000 |
+--------+-----------+------------+-------------+-------+---------+
3 rows in set (0.06 sec)
mysql> INSERT INTO department values
    -> (11, 'Sales'),
    -> (12, 'Finance'),
    -> (13, 'Marketing'),
    -> (14, 'Management');
Query OK, 4 rows affected (0.17 sec)
Records: 4  Duplicates: 0  Warnings: 0

mysql> SELECT * FROM department;
+---------------+-----------------+
| department_id | department_name |
+---------------+-----------------+
|            11 | Sales           |
|            12 | Finance         |
|            13 | Marketing       |
|            14 | Management      |
+---------------+-----------------+
4 rows in set (0.00 sec)

mysql> INSERT INTO Employee_department VALUES
    -> (101,10),
    -> (102,11),
    -> (103,12),
    -> (104,13);
Query OK, 4 rows affected (0.27 sec)
Records: 4  Duplicates: 0  Warnings: 0

mysql> SELECT * FROM Employee_department;
+--------+---------------+
| emp_id | department_id |
+--------+---------------+
|    101 |            10 |
|    102 |            11 |
|    103 |            12 |
|    104 |            13 |
+--------+---------------+
4 rows in set (0.00 sec)

UC12:-

mysql> SELECT gender, AVG(net_pay) FROM (Employee INNER JOIN Payroll ON Employee.id=Payroll.emp_id) GROUP BY gender;
+--------+--------------+
| gender | AVG(net_pay) |
+--------+--------------+
| M      |        60000 |
| F      |       900000 |
+--------+--------------+
2 rows in set (0.10 sec)

mysql> SELECT gender, MAX(net_pay) FROM (Employee INNER JOIN Payroll ON Employee.id=Payroll.emp_id) GROUP BY gender;
+--------+--------------+
| gender | MAX(net_pay) |
+--------+--------------+
| M      |        65000 |
| F      |       900000 |
+--------+--------------+
2 rows in set (0.00 sec)